base_price,effective_price,competitor_price,is_weekend,marketing_spend,quantity_sold
68.69,63.3,64.66,0,748.24,548
143.59,132.95,145.14,0,718.55,520
115.16,83.85,90.39,1,186.18,507
97.83,90.5,81.11,0,930.32,542
40.28,37.0,33.1,0,611.62,576
40.28,31.1,28.94,1,427.35,557
27.55,23.83,22.84,0,780.88,600
132.6,101.7,98.91,0,331.63,469
98.14,96.22,101.41,0,724.16,562
112.05,95.66,82.94,0,135.74,442
22.68,22.45,19.31,1,855.47,632
146.09,143.34,138.69,1,503.35,495
128.22,93.35,98.87,1,673.02,562
47.6,45.62,41.42,0,299.11,514
43.64,36.67,38.22,0,709.37,578
43.84,38.44,35.67,1,795.02,607
59.55,53.35,59.52,0,525.89,549
88.22,64.4,72.05,0,655.95,560
76.15,75.65,71.05,0,510.69,505
57.86,46.34,42.58,0,904.68,604
99.54,70.77,68.89,0,548.08,549
38.13,31.73,29.26,1,857.63,640
57.98,41.68,43.84,1,821.22,599
67.63,66.57,73.08,0,469.45,555
79.29,69.33,72.93,0,307.08,499
122.07,112.55,123.5,0,465.47,520
45.96,35.88,34.77,1,843.6,606
86.85,61.28,54.96,0,304.87,494
97.01,89.55,95.94,1,571.99,559
26.04,20.93,20.05,0,825.49,585
98.98,93.1,97.88,0,418.13,515
42.17,35.02,32.61,0,677.99,593
28.46,24.5,21.42,1,321.07,543
143.36,101.55,116.56,0,198.35,506
145.53,118.96,106.69,0,814.95,514
125.09,111.98,128.38,0,189.07,492
59.6,57.56,65.8,1,344.24,513
32.7,31.21,33.97,1,869.6,670
108.95,101.59,106.44,0,411.82,522
77.22,71.41,73.07,1,975.74,615
35.86,26.71,29.65,0,981.76,604
84.37,70.17,65.74,0,341.45,498
24.47,20.63,20.43,0,136.88,484
138.21,133.45,138.23,0,734.56,532
53.64,39.8,38.74,1,505.89,572
106.13,83.11,81.31,1,190.68,473
60.52,59.29,56.27,0,736.77,580
87.61,69.01,70.33,0,128.06,485
91.07,76.22,84.24,1,883.18,628
44.03,42.95,39.11,1,224.79,517
146.05,125.97,142.38,0,214.58,452
120.77,103.21,109.06,1,258.11,512
142.13,135.07,148.17,0,964.24,570
136.33,97.65,99.3,0,723.85,522
97.73,72.81,78.91,1,821.23,623
139.84,111.78,95.55,0,457.87,493
31.5,27.13,29.73,0,402.68,545
45.48,39.86,34.36,0,311.04,541
25.88,20.83,23.26,1,532.58,591
62.29,52.1,59.79,1,596.65,581
70.53,69.21,64.93,0,668.6,535
55.28,46.78,42.71,0,331.41,534
127.74,96.83,104.54,0,953.79,577
66.38,57.23,52.99,0,252.78,501
56.52,55.64,61.74,0,969.09,609
90.55,69.19,60.95,1,113.37,467
38.32,36.01,31.96,0,533.01,563
124.29,114.64,131.12,0,400.03,504
29.69,28.22,29.7,0,504.21,552
148.3,133.6,147.51,0,613.6,541
120.39,93.06,88.16,1,492.03,544
45.83,38.69,40.74,0,473.36,557
20.72,19.44,19.99,0,759.45,591
126.01,92.83,95.7,0,717.29,540
111.89,82.37,86.88,0,849.94,579
114.77,84.8,86.71,0,324.96,498
120.27,111.65,109.27,0,648.58,500
29.63,25.62,23.89,0,626.68,584
66.6,46.92,50.7,0,432.76,540
35.06,26.94,24.73,0,537.45,532
132.2,131.13,138.69,0,382.4,465
101.03,99.05,91.13,1,227.66,463
63.02,54.25,56.29,0,292.42,508
28.26,20.55,22.08,0,194.96,546
60.43,50.66,46.39,0,714.76,568
62.27,52.97,45.98,0,694.65,542
114.85,111.21,98.9,1,955.55,567
102.88,82.61,85.24,0,756.71,555
135.34,101.96,112.65,1,146.84,495
81.39,72.1,62.26,0,895.82,575
35.55,27.28,29.19,0,876.41,634
112.72,80.11,76.29,1,498.99,532
118.9,111.63,110.91,0,627.28,539
92.97,78.37,88.45,0,978.47,624
120.23,109.87,104.33,0,579.07,489
84.19,64.17,63.5,1,914.79,644
87.96,72.71,62.11,0,174.73,461
75.58,61.19,53.51,1,271.95,492
23.3,17.73,16.44,0,496.68,585
34.03,29.98,25.74,1,626.28,616
24.09,17.47,18.16,0,834.61,614
102.73,86.31,84.4,1,989.44,597
60.87,57.98,58.82,0,449.97,526
86.11,68.14,61.49,1,142.67,492
137.98,105.15,98.71,0,821.05,557
52.41,47.43,49.76,0,643.94,576
73.35,54.49,62.09,0,278.69,519
118.22,86.08,74.47,0,545.35,523
49.74,45.61,50.95,0,768.08,588
30.01,21.15,21.64,1,793.37,641
57.67,55.23,56.29,1,549.66,561
40.96,38.48,38.48,0,374.69,536
140.86,133.08,115.88,1,976.37,541
125.06,91.52,80.26,0,697.03,519
102.34,82.25,84.74,0,467.41,511
133.29,127.21,121.14,1,352.42,493
124.48,108.03,121.56,0,757.99,551
44.25,36.09,35.07,1,317.97,530
136.03,132.63,118.43,0,254.54,452
90.11,66.26,70.53,0,576.85,562
124.97,94.84,88.96,0,360.99,441
136.49,115.8,116.69,0,666.01,512
61.34,43.54,46.13,0,206.14,478
34.31,30.01,33.61,1,689.45,595
49.63,34.98,38.04,1,354.97,507
75.52,60.39,63.59,1,100.22,496
126.34,102.29,107.8,0,214.24,453
131.89,125.33,142.09,0,940.25,584
20.9,15.37,14.43,0,880.62,595
86.4,75.32,64.04,0,310.25,475
74.26,70.65,65.82,0,800.53,556
48.87,48.69,44.57,1,647.71,598
35.58,29.61,31.04,0,973.81,649
63.89,53.78,55.94,0,436.25,543
142.58,111.81,114.94,0,713.31,529
62.02,45.45,38.86,0,157.18,510
87.44,85.36,91.22,0,456.62,496
111.39,86.95,82.34,1,967.44,575
67.27,63.49,66.63,0,585.08,548
146.33,108.66,110.5,1,359.09,535
145.12,109.46,104.3,0,208.24,442
52.73,44.18,39.33,0,733.18,568
84.64,66.61,58.5,0,680.37,519
59.11,53.54,58.86,1,436.54,572
57.03,48.97,55.11,1,955.85,654
24.8,18.68,19.52,0,119.98,518
99.24,85.57,75.39,0,373.35,468
85.35,76.19,73.95,0,928.96,571
26.69,22.73,24.3,0,388.84,526
56.22,42.25,45.8,1,327.03,547
138.07,124.19,109.97,0,580.8,458
51.14,48.48,41.21,0,841.42,562
38.84,30.54,32.48,0,192.83,505
83.63,62.91,60.2,0,948.72,586
148.13,143.66,133.08,0,815.57,495
51.47,47.76,40.78,0,263.13,500
107.38,102.8,104.05,1,740.81,563
119.01,106.59,117.82,1,446.46,528
50.89,44.02,50.06,0,462.07,552
114.67,88.91,90.66,1,804.96,567
67.81,54.57,54.8,0,966.51,609
102.2,83.16,72.81,0,213.99,458
102.36,91.54,92.88,0,478.57,488
89.65,67.02,64.61,0,532.85,544
31.74,27.25,28.13,0,438.68,535
128.59,90.82,87.79,0,426.87,496
61.7,49.96,46.07,0,147.04,498
44.25,42.57,37.4,1,716.98,602
25.3,20.17,19.05,0,492.59,558
96.82,87.37,76.8,0,275.31,456
108.08,85.83,77.51,0,834.43,564
22.16,21.69,24.87,0,822.3,624
86.57,82.03,80.65,0,537.75,511
49.44,36.75,37.1,1,368.61,538
103.87,96.79,107.64,0,674.28,522
42.67,31.95,36.7,0,359.34,542
109.82,100.62,103.12,0,312.41,480
70.28,56.72,62.04,0,757.46,601
141.77,112.25,106.42,0,136.29,437
37.88,32.05,30.18,0,185.29,522
64.34,58.45,56.74,0,106.11,461
34.75,32.53,34.22,0,237.65,533
140.21,138.81,146.4,0,162.09,433
134.05,121.83,115.08,1,996.22,584
53.53,43.04,38.31,0,359.93,493
105.8,76.02,79.04,1,234.34,511
126.24,93.24,82.85,1,316.9,454
92.18,70.99,72.66,0,942.51,591
88.85,67.84,71.77,0,568.14,551
51.44,41.18,43.66,0,428.34,532
32.1,29.6,31.85,0,886.05,600
136.64,99.45,110.58,0,455.49,531
137.05,109.48,109.47,1,401.51,502
102.3,85.1,90.98,1,286.55,507
64.07,61.94,64.15,0,440.02,527
65.4,56.63,51.3,0,385.02,548
114.37,98.58,84.55,0,709.57,529
136.62,101.19,94.65,1,360.62,509
135.32,113.13,111.2,0,619.48,517
121.38,107.53,111.31,0,159.3,458
103.46,73.14,80.82,1,272.16,488
30.94,29.91,27.18,0,466.66,534
41.01,35.81,31.79,1,943.25,622
136.81,135.09,153.87,0,439.53,477
98.84,76.9,67.86,0,697.67,517
21.2,15.36,15.26,1,329.58,529
33.19,30.4,31.18,0,214.33,512
106.26,78.89,79.87,0,152.68,482
20.66,18.85,16.51,0,374.87,555
40.91,29.73,25.78,0,241.89,515
91.34,70.68,62.31,0,256.61,460
109.95,83.4,85.54,0,784.68,534
104.75,104.19,105.58,0,114.25,420
49.16,34.96,32.16,0,602.03,542
112.58,88.04,91.68,1,441.52,518
50.84,46.19,50.63,1,555.89,577
62.3,46.8,40.36,0,606.55,531
117.04,107.16,107.1,0,382.03,487
104.45,77.1,81.48,0,365.6,505
130.4,125.99,116.63,0,760.06,509
105.49,83.22,78.42,1,884.15,603
93.88,78.65,81.33,1,273.32,493
32.18,31.25,34.98,0,187.86,519
67.8,62.88,68.73,0,908.02,602
54.48,54.27,55.63,0,414.91,522
51.72,44.45,47.52,0,596.19,577
146.49,133.25,127.85,0,423.59,474
71.1,58.34,60.81,1,213.22,501
135.97,123.84,122.59,1,630.4,523
102.05,92.87,84.23,0,572.63,510
123.33,95.83,101.63,0,282.69,482
85.34,84.11,85.54,1,506.68,548
95.0,69.27,66.33,0,817.25,573
84.03,62.54,70.26,0,631.38,592
45.38,36.29,31.07,0,187.23,470
113.92,93.65,88.47,1,593.22,532
56.5,41.38,35.88,0,732.46,557
23.16,21.87,23.62,0,813.43,619
103.91,101.45,107.6,1,666.21,536
43.02,39.93,37.91,1,237.39,529
142.26,108.35,114.06,1,739.16,556
144.01,142.51,138.06,0,709.61,488
138.93,114.64,123.45,0,121.98,432
68.12,47.78,47.12,1,470.57,549
22.01,16.36,15.93,1,399.66,584
140.68,118.67,134.15,0,702.47,550
75.66,74.22,68.67,0,294.52,492
145.67,109.33,96.89,1,631.78,541
145.27,119.17,122.19,1,921.89,584
130.89,126.38,144.17,0,818.02,558
58.28,56.64,54.56,0,929.31,603
70.06,50.94,44.25,0,980.66,591
130.65,104.42,99.39,0,109.6,427
61.2,45.97,46.06,0,660.47,544
42.03,30.95,27.81,0,471.56,557
92.38,76.54,80.17,0,873.87,578
141.7,119.7,137.58,0,326.63,500
110.48,96.22,94.82,0,982.93,562
94.11,85.16,81.45,1,652.34,558
32.63,28.38,27.53,0,814.18,589
99.95,76.75,67.89,0,177.04,455
148.71,121.85,135.86,1,265.11,513
38.21,27.98,27.26,0,782.56,608
87.38,75.76,73.2,1,119.79,480
134.06,109.64,114.9,1,835.19,551
116.3,94.27,92.63,0,112.55,493
110.61,90.98,95.02,1,691.41,593
111.32,87.86,76.3,0,428.58,493
66.73,61.98,67.81,0,650.35,553
58.17,49.23,55.73,0,726.43,585
125.22,121.3,126.72,0,408.23,478
125.31,110.86,125.98,1,197.17,518
132.72,113.3,101.45,0,162.68,428
138.72,111.58,110.82,0,630.04,503
86.47,61.82,63.7,0,568.59,538
85.2,69.84,71.56,0,767.98,586
123.78,96.17,93.32,0,558.76,535
104.5,88.62,84.32,0,480.2,525
111.26,90.09,80.01,1,458.28,519
123.45,120.83,116.9,0,123.8,423
135.7,125.34,112.66,1,402.0,421
63.94,57.0,61.01,0,978.42,619
68.83,59.07,53.91,1,886.2,602
32.22,31.78,27.57,1,396.44,552
95.18,91.18,92.61,0,629.02,534
24.67,22.62,23.27,0,862.57,595
80.53,57.06,63.42,1,497.15,574
90.54,81.54,83.43,0,116.16,473
57.25,48.97,46.7,1,167.06,517
96.81,91.11,99.4,0,559.35,549
23.97,19.57,19.81,0,972.5,642
24.86,22.76,19.89,0,723.89,581
126.94,119.06,121.41,1,163.82,464
66.82,56.47,63.38,0,270.42,515
36.52,36.46,35.32,1,794.19,613
87.89,87.69,82.33,1,857.3,593
120.1,112.21,100.2,0,655.93,508
48.06,47.53,42.56,0,679.98,591
100.98,97.7,95.73,1,125.5,500
31.1,27.93,28.74,0,845.68,610
26.72,20.29,17.73,1,809.45,565
89.08,73.79,83.52,0,333.13,534
90.28,76.4,82.24,0,737.81,560
102.87,93.81,96.25,1,293.37,491
114.39,82.42,90.54,0,136.3,471
146.86,129.37,113.08,0,281.02,416
87.12,84.84,84.25,0,260.77,488
61.98,50.51,52.48,0,403.97,505
123.37,119.16,130.91,0,476.6,493
55.21,49.49,53.7,1,557.69,582
77.07,65.33,60.97,0,529.08,535
30.2,22.28,25.23,0,343.61,551
23.3,19.85,17.61,0,126.25,489
145.14,114.57,127.46,0,644.59,525
128.68,90.35,103.12,0,456.17,521
110.48,106.12,95.84,1,368.8,486
73.16,67.13,71.61,1,880.25,635
42.53,37.49,32.32,0,772.07,550
40.34,35.23,34.23,0,871.99,601
52.53,46.05,46.28,0,545.48,530
91.4,66.51,68.12,0,217.84,464
112.9,88.71,100.32,0,726.6,582
105.83,86.53,91.0,0,285.47,498
56.39,51.16,50.87,0,497.11,545
144.13,108.51,118.59,0,158.5,480
115.93,82.71,93.89,0,842.78,581
92.07,69.38,59.44,1,213.35,479
99.52,99.48,113.88,0,912.79,626
74.55,60.32,52.83,0,877.81,572
52.21,51.4,56.25,0,518.12,561
66.28,61.15,57.12,0,769.93,566
118.52,116.4,103.56,1,657.5,486
21.87,17.91,17.59,0,822.77,580
35.09,27.86,29.07,0,488.62,547
25.98,25.09,24.19,0,807.23,618
25.29,22.38,19.39,1,516.21,588
131.21,113.25,116.63,0,946.87,583
111.48,99.13,111.1,0,537.73,518
81.64,78.68,75.92,0,516.36,542
32.72,28.61,26.17,0,806.56,582
83.91,65.0,63.88,0,839.42,582
81.55,79.81,69.0,0,599.04,514
42.52,41.49,45.48,0,261.82,515
76.4,68.27,74.95,1,520.98,582
71.81,51.52,52.88,0,971.27,601
100.06,79.99,76.47,0,777.69,534
102.56,81.68,89.03,0,830.05,581
25.89,23.08,23.46,1,129.54,518
68.7,56.46,61.99,0,521.07,599
101.36,101.05,105.04,1,681.96,569
85.41,69.11,75.01,0,847.03,583
131.34,95.36,98.18,0,144.35,444
105.63,86.22,84.0,0,867.19,538
41.18,30.39,34.56,0,593.56,560
29.17,22.84,23.12,1,277.58,548
103.51,99.77,102.92,1,385.53,535
23.45,17.1,15.66,0,353.74,555
96.15,94.23,97.79,0,577.77,531
142.23,119.45,122.01,1,146.52,458
94.81,90.77,82.19,0,242.68,461
70.46,70.21,60.94,0,831.42,551
103.63,90.51,93.34,0,219.34,500
79.57,72.53,78.27,0,310.06,503
90.93,77.67,78.22,0,508.03,522
142.39,117.73,108.08,0,565.41,452
70.19,69.27,72.73,0,787.25,573
144.95,139.61,122.02,0,502.6,459
137.7,114.62,112.62,0,810.88,522
45.45,40.77,36.66,0,656.51,551
29.02,22.67,20.52,1,201.79,542
33.1,26.62,24.25,0,240.7,491
22.37,16.69,16.13,0,493.33,577
32.28,25.57,22.13,1,457.2,556
108.79,94.76,91.85,1,769.19,558
29.25,23.35,23.43,0,622.66,560
61.47,56.39,56.11,0,449.32,533
129.83,117.9,113.76,1,253.68,505
23.03,17.58,19.36,1,304.15,568
125.88,109.02,97.42,1,617.95,503
56.64,43.07,43.15,1,481.09,579
35.36,26.64,23.14,0,563.43,555
110.58,82.13,71.56,0,253.61,482
101.76,73.78,75.41,0,696.62,568
134.07,116.74,119.05,0,867.28,508
115.56,104.5,116.36,0,332.15,483
124.45,102.72,104.5,0,542.36,527
56.66,50.35,57.3,0,977.97,626
43.07,35.3,30.52,1,399.92,531
117.58,92.69,81.51,0,635.54,501
124.89,99.1,85.54,0,181.18,405
148.77,132.05,119.58,0,645.41,481
73.64,69.95,70.82,0,180.67,513
68.36,59.53,62.13,1,963.31,640
120.93,115.76,99.98,0,744.1,535
64.3,47.13,53.44,1,809.34,633
141.0,126.37,139.34,0,733.69,560
131.59,125.5,117.84,0,630.76,523
75.77,75.19,65.65,0,504.92,512
117.61,94.83,85.44,0,872.54,545
118.09,95.53,84.84,1,961.15,594
33.41,29.99,26.6,0,549.13,577
137.33,134.38,135.13,1,938.38,561
85.68,75.15,69.42,0,625.0,520
127.44,115.54,110.62,1,584.55,520
61.61,49.09,56.3,0,509.03,567
136.42,111.63,117.8,1,288.36,508
70.6,62.87,71.34,0,103.35,465
21.41,20.01,17.86,0,317.36,558
137.7,96.88,93.46,0,558.75,500
31.87,27.53,27.98,1,441.96,564
61.51,48.81,42.61,0,503.64,517
143.51,137.46,117.01,0,982.58,555
143.58,122.66,128.93,1,415.25,511
94.55,93.77,97.76,0,506.96,505
102.14,86.65,84.33,0,220.16,481
78.3,55.65,55.48,0,143.16,494
58.12,51.42,50.11,0,797.87,579
62.73,61.99,53.14,1,613.61,565
107.43,106.43,101.17,1,784.63,541
117.81,104.1,94.01,0,234.88,437
122.91,117.0,102.91,1,614.65,475
122.65,121.79,138.48,0,328.28,474
31.86,24.63,25.36,0,305.26,557
84.27,72.68,77.67,0,110.37,499
27.48,25.1,23.71,0,217.31,514
91.44,66.75,64.61,0,378.34,531
77.4,74.7,68.81,1,205.19,485
135.4,96.57,84.9,1,987.27,576
65.62,59.44,53.71,0,377.77,506
35.22,25.83,28.14,0,217.29,517
38.59,31.61,33.29,1,279.17,540
119.0,89.48,90.74,1,628.93,571
100.37,70.74,70.21,1,157.64,495
33.15,30.28,34.12,0,876.19,628
30.93,22.01,19.19,1,965.35,660
111.13,98.14,91.68,0,322.07,474
29.46,26.05,24.88,0,505.09,541
126.84,113.89,123.54,0,119.92,435
111.81,93.65,107.49,0,676.64,563
30.58,29.16,26.89,0,472.53,544
31.03,25.87,28.78,0,343.05,540
148.26,124.17,136.48,0,286.15,478
68.66,52.96,48.59,1,688.62,617
68.18,51.13,49.59,0,474.6,513
125.66,109.06,106.1,0,261.69,428
143.14,130.16,148.83,0,720.2,556
148.18,136.65,123.57,1,608.57,486
117.94,111.05,121.02,0,872.8,576
68.91,67.72,64.35,0,205.73,486
30.86,27.69,29.6,0,807.1,624
121.03,111.22,108.55,1,706.17,521
92.59,65.75,67.29,1,203.51,499
75.15,62.58,68.82,0,725.34,583
137.83,123.47,134.73,0,497.39,520
34.46,28.46,31.58,1,950.49,681
84.04,80.53,69.89,0,227.45,473
21.48,18.62,19.69,0,678.55,590
80.93,65.72,58.62,0,443.78,494
27.32,23.31,22.72,0,961.13,618
35.45,31.17,31.63,0,396.98,530
35.28,24.76,24.04,0,965.97,636
104.4,76.83,77.28,0,911.34,588
116.99,95.11,109.27,1,343.34,511
95.84,79.47,70.77,0,823.19,546
145.08,118.07,124.28,1,996.04,611
68.73,64.58,62.57,0,327.4,506
57.14,50.37,44.82,0,493.1,537
132.92,131.34,117.9,0,568.16,475
49.07,42.07,47.74,1,365.44,580
145.22,121.56,135.41,1,113.74,480
21.58,20.11,22.56,0,298.12,529
146.08,103.84,119.15,1,353.74,514
25.61,18.62,16.99,0,499.24,563
135.85,106.42,101.8,1,253.99,439
88.6,74.42,78.2,1,885.93,605
149.09,110.18,109.64,1,734.42,549
29.59,28.43,27.74,0,176.68,485
92.0,70.18,67.19,0,685.08,534
146.01,140.54,144.5,0,688.29,524
88.0,67.03,68.56,0,960.6,603
101.82,93.4,83.91,0,102.72,434
110.45,81.39,80.7,0,323.14,495
79.09,56.69,57.6,0,935.01,604
101.58,97.05,99.09,0,938.92,595
95.96,82.64,75.45,0,748.53,543
137.15,96.79,103.82,0,789.19,541
25.91,22.15,19.0,1,182.33,551
56.53,41.88,40.06,0,562.49,557
143.55,118.2,128.14,0,308.42,473
135.73,120.45,122.76,1,263.1,461
79.24,72.44,67.25,0,829.27,570
100.62,94.48,100.01,0,221.53,475
56.06,43.25,44.12,0,521.79,573
44.46,39.3,42.79,0,944.72,615
80.28,67.97,72.76,1,267.25,509
65.94,56.2,58.05,0,980.19,624
95.88,79.27,78.99,0,994.86,607
30.11,22.29,19.84,0,600.06,573
146.67,103.52,96.11,0,253.13,462
148.21,130.09,126.93,1,384.49,480
110.76,83.26,85.74,0,482.04,522
89.69,69.12,69.41,0,378.39,526
60.24,49.87,46.7,0,352.57,522
125.79,89.71,76.43,0,975.01,557
109.02,102.46,102.34,0,238.03,484
41.14,39.79,37.23,1,760.0,566
138.42,102.96,110.21,1,100.37,507
126.93,110.21,94.47,1,636.56,484
143.47,107.02,109.74,1,924.35,579
114.34,83.71,94.79,0,359.14,515
99.74,97.88,88.31,0,266.97,452
74.37,54.66,54.2,1,686.51,599
141.25,122.26,107.27,1,741.34,503
132.59,112.29,116.52,1,719.23,561
25.88,21.01,21.33,0,387.39,535
23.43,16.92,16.45,0,326.98,541
68.94,68.54,68.98,1,960.33,616
125.37,107.44,120.22,1,930.97,609
148.35,117.74,107.01,1,511.58,487
39.55,30.98,26.54,0,861.57,592
97.24,77.04,85.39,0,507.09,541
69.52,66.71,68.26,0,481.95,543
146.09,132.97,148.55,1,241.09,482
129.48,115.54,118.9,0,483.77,485
128.98,97.86,106.96,0,583.68,545
80.93,74.16,72.6,1,120.25,483
73.93,69.25,74.44,0,499.7,548
55.54,39.59,44.49,1,803.22,608
27.33,27.26,27.85,0,712.04,562
132.41,92.78,83.89,1,671.64,532
125.68,100.16,93.21,0,918.6,544
149.96,112.69,102.5,1,116.23,439
149.56,136.34,125.99,1,601.34,487
92.21,91.81,86.48,0,808.61,559
119.97,93.41,94.96,0,587.2,521
142.82,107.08,109.91,0,391.51,491
130.45,101.47,99.24,0,222.63,461
52.16,49.92,51.65,1,898.81,626
78.57,60.81,53.18,0,523.69,522
36.79,28.3,24.8,0,890.3,615
144.03,115.57,104.19,0,627.27,481
98.8,76.09,76.51,1,706.77,594
49.72,37.1,33.92,1,823.84,608
107.32,87.57,81.87,0,693.24,513
100.36,97.69,94.77,0,458.25,498
66.56,56.82,62.14,0,562.27,541
34.76,33.95,29.0,0,822.74,601
107.3,94.19,98.41,0,436.29,540
87.64,76.94,80.83,0,449.31,509
120.4,118.02,128.59,0,186.12,469
87.62,78.45,88.64,0,923.13,576
130.78,126.43,108.23,0,181.93,413
91.75,69.5,62.28,0,683.39,528
92.92,66.5,74.21,0,471.88,529
133.96,131.06,129.43,1,465.06,479
72.45,51.69,52.69,1,711.6,603
37.42,31.56,33.1,0,160.38,520
23.74,21.61,22.77,0,634.34,582
118.17,115.44,130.4,1,794.83,572
100.64,85.53,98.28,1,845.39,634
111.53,84.95,90.56,0,253.48,477
47.69,37.57,35.17,0,907.68,573
37.73,37.16,41.39,0,690.53,592
21.89,21.41,18.52,0,893.67,597
65.58,57.65,53.0,0,536.75,547
96.69,88.12,98.63,0,587.83,540
70.99,66.04,61.21,0,927.13,593
76.87,70.39,64.49,0,909.92,598
137.54,104.39,93.05,0,503.34,464
65.27,47.08,52.15,0,346.97,520
86.82,76.27,76.27,0,453.85,514
121.87,88.75,93.4,0,448.99,537
71.55,64.65,59.59,0,358.18,489
100.87,86.45,93.15,1,341.72,514
132.11,123.15,132.76,0,874.96,570
143.44,115.88,109.36,1,162.88,443
39.12,27.63,26.89,1,709.85,608
140.46,115.03,105.01,0,255.54,417
83.98,74.96,85.68,0,410.06,562
53.57,43.16,45.05,0,155.39,476
79.69,76.75,86.75,1,342.98,531
147.4,108.11,101.73,1,791.58,551
84.04,71.36,77.39,1,896.51,644
62.74,54.28,58.61,0,299.37,495
102.34,84.35,89.2,0,517.19,557
51.22,41.62,47.43,0,523.29,571
29.86,29.22,28.29,0,886.22,617
36.75,29.23,25.99,0,786.52,577
36.65,33.99,35.74,0,561.77,572
39.75,31.23,33.38,1,703.67,597
38.05,28.66,29.3,0,862.62,629
103.31,78.4,71.5,0,108.59,434
43.64,36.41,36.46,0,462.6,542
64.94,54.8,51.72,1,916.52,605
136.58,130.73,127.88,1,766.28,523
81.62,62.63,65.36,0,588.56,560
106.78,98.09,105.3,0,576.68,539
42.4,36.08,33.18,0,412.99,550
45.0,41.16,39.99,1,568.47,548
25.31,24.3,22.61,0,689.84,599
41.96,34.04,30.96,0,476.53,580
56.22,55.3,60.0,0,742.74,574
43.01,33.35,37.45,0,875.11,644
31.53,28.53,27.42,1,239.22,530
35.68,35.68,38.37,0,506.39,535
79.9,67.65,75.71,0,467.22,533
46.82,46.17,50.96,0,718.72,600
67.36,61.77,55.9,0,324.88,482
85.44,67.32,76.54,1,676.23,582
109.75,107.69,103.7,0,889.74,560
25.11,18.79,17.88,1,476.32,577
123.92,123.78,107.53,1,919.91,551
101.63,94.1,93.71,0,993.85,586
30.63,23.82,21.03,0,195.48,515
133.57,120.89,111.77,0,309.75,439
139.71,135.44,128.0,1,955.34,559
27.94,24.92,27.23,0,962.49,617
55.99,51.45,57.25,0,187.94,522
124.81,93.25,87.73,0,113.5,432
117.27,106.25,117.68,1,244.99,520
43.99,33.58,37.18,0,996.41,629
47.22,34.58,37.33,0,262.0,523
68.16,59.29,53.01,0,552.29,523
82.99,60.33,63.78,0,863.58,578
100.37,89.01,100.9,1,118.36,471
67.96,48.3,50.95,0,644.04,552
80.13,77.98,74.04,1,349.32,506
117.17,93.02,93.04,0,876.1,570
24.77,21.1,22.02,0,355.12,555
52.82,46.67,46.82,0,718.08,569
112.74,91.34,80.92,0,706.8,510
136.38,107.58,101.51,0,299.34,437
86.52,86.4,94.24,0,131.32,481
89.17,84.71,93.89,0,468.32,548
33.93,26.67,23.77,0,360.27,549
78.16,62.54,71.02,0,828.08,606
89.24,63.38,60.12,1,820.33,602
51.52,39.76,41.69,0,511.32,578
55.0,39.31,42.28,0,645.86,580
69.05,54.49,59.59,0,643.83,577
22.61,20.59,23.34,1,844.44,632
61.87,59.91,56.55,1,482.5,524
47.49,36.35,40.26,0,347.9,524
62.57,50.48,44.9,1,338.53,525
35.57,35.05,37.21,0,582.57,568
135.77,121.1,129.89,0,504.23,536
97.17,69.28,72.97,1,496.11,554
108.28,92.03,85.19,1,182.02,488
122.59,106.68,118.62,0,746.74,552
84.8,73.15,65.89,1,292.36,495
31.3,29.34,25.41,0,277.26,494
89.82,79.89,85.1,1,471.48,533
96.29,85.61,84.98,0,305.0,493
116.91,115.07,127.12,0,625.47,535
76.12,58.59,56.54,0,434.32,535
36.59,32.01,28.83,0,504.02,550
56.89,42.86,47.18,0,583.45,560
67.2,50.06,50.79,0,283.18,541
103.97,97.36,88.28,0,240.18,450
94.2,75.62,80.62,0,892.38,607
66.29,56.9,57.09,0,490.35,528
148.25,109.1,112.52,0,470.88,511
98.75,92.36,91.28,0,132.05,467
50.84,40.5,44.5,1,548.18,584
33.23,27.17,29.86,1,598.75,560
39.87,36.34,38.62,1,602.96,589
51.97,49.84,43.94,0,736.33,583
40.89,32.9,36.24,1,259.73,550
44.25,34.45,36.22,0,327.0,535
57.06,51.66,54.71,0,829.66,568
42.54,34.31,32.9,0,952.45,606
136.58,120.39,134.09,1,222.34,500
30.43,23.92,25.54,0,547.88,575
88.19,82.92,73.28,0,292.76,487
73.35,53.76,52.27,0,154.07,481
147.71,134.97,150.62,1,392.95,519
34.57,30.75,26.57,0,229.32,506
71.72,70.47,80.23,0,738.94,564
146.03,141.15,148.73,0,580.35,468
132.52,112.01,116.42,0,229.45,470
126.22,116.09,108.1,0,108.32,423
53.53,40.11,37.09,0,827.34,581
42.22,42.03,47.6,1,258.57,515
106.92,94.76,89.03,0,645.59,530
140.82,126.57,137.03,0,403.23,487
92.38,91.84,88.9,0,626.94,533
94.31,90.79,80.97,0,384.09,504
56.4,49.4,42.15,0,178.25,447
120.03,102.29,103.64,0,300.66,465
44.32,38.94,44.5,0,269.25,520
62.08,52.19,50.14,1,485.22,574
75.31,61.86,59.21,0,692.46,531
85.99,85.73,81.72,0,337.43,512
51.51,44.34,44.61,1,110.86,508
34.93,24.83,24.39,0,567.04,565
99.38,83.91,93.47,1,645.18,572
57.52,45.83,45.91,0,966.58,606
95.56,86.62,86.82,0,630.52,550
40.07,30.76,27.43,1,524.06,555
82.55,63.41,72.59,0,616.06,570
89.24,75.28,69.63,0,935.11,572
26.74,18.91,16.49,1,845.54,618
63.76,61.36,64.36,0,390.68,560
37.47,37.28,38.35,0,313.53,529
28.24,21.71,21.16,0,336.37,543
148.69,112.69,110.06,1,553.98,537
61.91,59.67,64.78,1,769.64,582
125.28,115.3,104.78,0,552.9,510
53.1,52.82,57.9,0,161.02,459
108.6,99.04,103.46,1,751.22,560
118.83,91.27,89.05,0,825.37,549
97.43,82.29,81.26,0,360.55,503
81.3,72.81,67.5,1,697.71,567
73.54,65.34,70.28,1,483.93,553
65.35,65.33,65.58,1,900.21,610
140.84,128.17,121.28,0,860.7,512
127.98,103.16,106.13,0,572.89,497
145.45,102.94,118.25,0,722.35,575
36.16,26.97,26.45,0,895.01,625
115.01,114.2,128.61,0,546.15,552
141.98,103.71,98.89,1,381.93,484
43.56,33.33,28.87,0,778.3,596
28.64,21.94,19.99,1,298.06,542
116.35,100.36,97.91,0,449.68,511
94.68,83.38,76.36,0,879.15,576
129.44,117.68,100.03,0,751.98,502
38.17,37.42,42.08,0,463.43,547
123.38,114.94,126.79,0,293.27,499
46.21,42.79,45.9,1,420.37,568
41.28,35.28,31.77,1,355.69,532
41.35,32.08,28.43,0,258.48,490
125.89,108.0,93.99,0,769.0,510
106.48,104.63,111.66,1,326.86,531
88.0,62.71,70.78,0,508.75,564
66.65,47.8,46.8,0,447.27,515
134.04,102.46,90.76,0,983.87,537
71.02,49.9,50.08,1,451.98,572
126.16,105.55,100.76,0,171.98,426
77.09,54.82,52.76,0,180.84,493
69.0,67.44,69.89,1,631.68,563
80.15,71.36,76.04,0,639.43,579
59.18,55.18,48.73,0,476.88,510
117.19,110.3,94.94,0,488.66,486
85.35,81.75,93.87,1,148.54,510
50.19,40.82,37.54,0,564.89,554
136.94,104.85,90.81,1,554.27,475
69.91,57.78,52.4,0,234.59,452
90.66,86.66,74.68,0,193.46,443
137.84,104.3,100.91,1,211.22,476
101.15,81.85,89.28,0,190.93,468
35.2,31.1,29.62,0,648.74,557
142.18,113.42,111.52,0,276.83,467
101.6,93.68,98.61,0,326.29,501
63.54,56.96,57.11,0,256.21,497
38.11,27.62,30.61,0,962.05,642
123.22,112.48,124.84,0,869.16,556
100.61,86.42,73.72,1,307.45,477
89.35,65.49,70.95,0,394.81,548
136.21,107.29,106.02,1,288.9,487
122.52,120.23,137.86,0,542.69,531
39.72,37.96,37.77,0,117.65,525
60.52,60.38,69.2,0,704.23,558
52.3,42.4,45.64,0,570.84,574
116.71,101.04,93.42,0,908.78,577
24.36,23.38,23.65,1,247.95,536
94.09,67.05,76.95,1,823.7,627
119.12,100.19,110.94,1,812.76,576
133.98,124.26,109.25,0,214.46,408
64.47,54.79,58.18,1,458.7,562
126.76,100.92,96.24,0,253.14,471
34.38,33.6,28.63,0,329.25,534
130.04,119.32,115.87,1,336.92,504
36.57,27.72,25.51,0,600.61,566
71.65,61.77,67.68,0,470.27,556
123.65,103.37,98.33,0,952.96,556
39.49,34.36,37.74,0,213.73,528
49.8,49.15,41.78,1,976.32,622
113.89,108.23,101.99,0,307.57,466
113.6,98.42,90.78,1,795.59,563
103.35,96.86,89.12,0,405.07,455
110.21,108.56,94.5,0,228.77,416
90.55,67.64,61.29,0,872.1,574
52.73,37.21,37.83,0,377.97,506
64.94,49.49,46.39,0,692.97,576
43.61,32.44,31.63,1,609.8,600
138.1,128.07,123.34,1,524.58,505
95.84,68.22,75.91,1,546.24,551
72.11,67.85,76.1,1,759.01,622
80.06,57.21,57.09,1,179.0,537
143.15,100.43,95.31,0,701.36,528
39.94,31.41,27.7,1,906.23,635
96.21,67.89,77.13,0,152.01,495
85.77,71.11,61.73,0,226.59,475
99.49,91.74,86.17,0,744.97,536
22.35,19.42,18.25,0,493.55,558
133.38,109.63,103.72,0,463.19,496
141.18,138.08,124.17,1,223.27,467
93.47,76.02,82.47,0,556.09,521
110.56,78.02,69.18,0,213.89,460
139.92,131.94,137.28,0,528.96,479
111.94,85.32,75.7,0,787.25,565
39.83,28.98,25.25,0,332.44,514
94.92,68.05,76.4,0,532.71,526
98.87,70.39,63.85,0,992.81,597
75.14,63.38,69.49,0,717.99,600
115.74,81.8,82.9,1,857.22,603
141.47,109.33,95.48,1,473.36,493
140.32,133.52,151.76,0,791.07,564
78.61,67.36,62.25,0,136.46,485
34.72,27.24,30.18,0,210.62,505
148.03,137.05,123.43,1,282.76,440
129.06,104.25,115.32,0,461.76,509
36.21,28.97,24.74,0,861.17,584
139.71,132.89,133.36,1,411.64,485
133.09,110.52,119.46,0,689.16,559
87.45,67.21,75.97,0,738.38,588
96.87,82.37,92.48,0,627.56,564
71.87,71.61,78.48,1,421.52,548
27.12,27.05,30.2,1,619.35,607
63.58,56.77,51.64,1,408.04,520
124.37,89.81,84.0,0,175.49,448
20.6,19.19,17.97,0,993.52,636
63.35,51.3,49.41,1,214.46,517
71.76,66.98,64.84,1,165.11,499
89.86,81.19,82.27,0,890.68,577
139.58,104.07,93.45,1,371.65,478
65.02,50.81,53.72,0,685.27,620
65.1,63.24,56.93,0,396.11,517
115.88,100.97,95.23,0,452.31,493
78.79,78.1,78.18,0,335.9,492
49.2,42.1,45.85,1,408.74,552
78.82,63.15,67.69,0,469.63,532
38.31,36.95,38.56,0,748.37,594
42.93,39.21,35.16,1,560.38,541
84.79,74.67,75.72,1,949.21,588
74.46,53.92,47.25,0,137.69,461
138.93,97.53,93.94,0,552.76,511
67.11,66.21,64.49,0,625.8,541
95.48,73.68,63.51,0,928.18,592
102.19,90.8,84.64,1,144.24,445
21.7,19.15,21.76,1,616.15,592
106.26,82.22,93.4,0,868.27,616
43.14,31.26,29.87,0,317.73,525
144.94,103.59,89.39,0,888.66,548
39.33,32.52,29.39,1,117.14,540
73.9,65.98,63.85,0,759.21,553
31.1,23.75,26.94,0,939.8,629
149.59,138.33,123.44,0,691.48,476
85.29,70.85,76.45,0,495.13,505
97.4,86.92,76.72,0,140.39,437
28.72,23.06,26.39,0,928.1,642
117.49,109.02,105.15,1,523.27,523
47.29,44.57,48.25,1,126.1,524
136.75,99.08,94.4,1,720.84,545
46.67,45.24,46.98,0,533.65,542
44.79,37.99,34.48,0,211.91,518
24.75,23.11,20.66,0,292.84,516
81.37,80.42,90.99,0,158.04,491
93.43,92.42,104.0,1,616.86,571
28.54,27.04,30.19,0,659.83,608
120.82,89.4,92.77,0,555.17,541
78.93,72.24,78.92,1,835.39,587
88.17,63.03,54.88,1,874.91,575
77.3,63.81,60.65,0,654.06,556
72.1,62.66,59.15,0,111.48,466
92.75,76.61,79.73,0,725.71,554
40.18,33.95,32.49,0,476.2,560
43.65,33.71,30.16,0,609.0,564
132.03,120.84,124.34,0,684.17,525
143.0,127.85,139.91,1,415.21,526
68.53,50.15,48.38,0,925.39,595
55.2,39.52,35.16,0,220.58,521
103.72,75.95,69.04,0,704.36,528
73.14,63.93,58.9,0,103.92,472
23.3,17.85,16.77,1,932.19,667
40.3,34.54,36.02,0,201.25,488
113.08,96.2,99.11,0,185.4,461
105.66,99.17,105.01,0,399.71,518
23.52,19.35,18.55,1,436.21,588
48.86,46.13,50.61,0,292.87,517
50.04,45.06,41.06,1,626.61,564
107.35,79.81,79.07,0,498.62,532
22.56,21.16,23.07,0,130.76,526
33.53,32.82,29.67,0,387.69,512
123.99,121.42,107.21,1,829.39,516
43.21,31.02,34.59,1,720.73,616
104.86,88.91,84.72,0,752.38,553
50.96,44.7,47.17,0,728.31,578
32.93,24.92,21.37,0,379.88,543
51.61,38.67,40.88,0,189.7,495
113.89,102.54,96.89,0,345.22,438
131.24,103.93,90.08,1,848.61,543
127.93,98.33,101.57,1,982.42,605
71.63,57.57,53.09,0,544.46,529
106.85,101.99,98.53,0,108.73,421
46.65,34.39,30.06,1,226.04,495
58.11,48.71,43.56,1,389.87,527
136.52,124.95,117.38,0,620.73,505
21.69,18.92,16.59,0,167.58,527
31.12,30.77,34.56,0,949.02,645
47.03,45.22,38.52,0,428.58,508
23.45,18.06,17.98,0,921.33,608
43.59,43.59,38.66,0,802.47,588
95.8,83.82,78.99,0,779.89,559
74.79,63.06,71.12,0,646.05,573
136.05,133.82,120.24,0,664.11,451
126.27,89.41,101.9,0,674.2,548
64.44,60.07,54.76,1,665.85,568
53.73,48.82,52.36,1,598.36,589
69.36,63.04,63.92,0,987.77,617
96.74,90.05,100.44,0,759.06,572
54.85,54.82,55.71,1,799.25,608
101.14,79.01,79.83,0,885.22,580
73.22,51.98,47.24,0,294.08,509
91.77,85.59,77.02,0,175.42,456
76.7,61.44,69.12,0,534.6,552
58.28,45.31,42.97,0,562.67,544
143.3,106.83,102.73,1,846.26,566
119.27,104.15,112.26,0,499.41,524
38.21,34.74,33.06,0,613.77,569
132.9,119.93,136.2,1,574.36,557
83.37,65.54,70.22,0,134.38,503
136.29,102.9,105.9,0,653.69,535
123.98,117.23,130.62,0,845.24,559
75.28,66.9,57.86,0,241.75,486
22.92,16.72,15.5,0,634.9,561
54.93,41.64,41.2,0,634.25,549
90.41,63.7,58.48,0,247.77,488
102.35,79.19,84.99,0,211.12,494
53.53,47.21,53.15,0,982.05,606
38.12,31.36,30.65,0,454.35,539
128.54,103.05,98.17,0,304.68,456
147.97,144.49,164.5,0,254.19,466
88.34,73.91,72.69,0,700.84,565
42.32,33.31,33.2,1,648.5,604
55.4,52.62,50.28,0,679.2,561
22.39,17.15,19.25,0,179.21,510
138.86,114.54,116.91,1,904.18,559
35.31,25.22,27.21,0,450.34,575
94.95,93.74,102.51,0,382.03,516
55.63,51.2,48.77,1,516.13,547
92.04,75.43,73.93,1,451.06,543
104.68,95.37,105.34,0,877.22,582
127.87,100.46,96.34,0,936.33,558
46.83,36.17,39.36,0,373.11,543
21.43,20.77,23.52,1,877.54,631
37.8,31.97,33.15,0,803.37,595
137.0,116.09,124.5,0,937.73,576
133.61,118.8,129.68,1,321.18,497
97.66,70.33,77.61,0,619.26,567
98.07,73.72,71.4,1,347.09,544
106.45,84.19,72.85,0,841.69,536
42.8,33.63,32.64,0,104.79,465
138.87,119.64,125.87,0,608.34,489
74.44,53.87,53.07,1,405.28,539
69.81,55.26,59.39,0,390.42,517
87.46,68.33,65.4,0,680.42,552
26.11,19.36,20.14,0,866.34,620
41.62,38.2,34.6,1,648.28,560
115.94,87.87,94.45,1,867.86,573
30.76,28.96,29.36,0,338.14,536
98.41,88.21,80.38,0,567.55,511
51.9,46.67,43.76,1,505.48,552
70.61,49.88,53.6,0,110.48,463
57.53,42.75,42.52,0,601.13,567
66.24,52.3,47.85,0,695.37,579
113.48,88.72,101.16,1,632.72,579
58.63,48.74,51.89,0,762.65,573
93.63,67.03,76.22,0,614.21,562
81.89,69.7,68.17,0,160.08,452
106.28,94.15,93.44,0,204.8,479
141.79,134.85,150.95,0,636.83,531
115.23,88.05,88.72,0,347.48,465
47.94,37.38,39.7,0,171.68,499
24.05,21.28,19.7,0,486.64,562
54.09,53.69,52.83,0,598.89,546
97.36,72.85,64.62,1,395.87,509
26.69,26.59,24.25,1,748.39,591
84.53,66.68,56.7,1,679.39,566
97.59,69.18,59.62,0,399.54,485
63.45,55.12,63.01,0,779.39,560
120.22,111.74,103.11,0,683.83,503
33.86,26.7,28.01,1,673.7,619
29.77,22.47,24.76,1,598.08,592
114.66,95.87,97.32,1,110.25,498
84.41,59.92,53.69,0,726.86,562
109.49,107.8,115.17,0,438.44,509
76.53,64.94,66.89,0,948.35,598
52.03,40.82,43.65,0,836.19,601
126.48,93.75,101.34,0,628.93,538
123.92,117.26,133.98,1,326.96,513
110.31,83.84,85.69,0,283.35,495
55.38,46.2,44.0,0,406.35,511
96.73,85.22,89.02,0,528.91,510
66.93,64.28,55.96,1,366.46,498
31.91,23.62,26.44,0,563.44,604
139.25,132.68,117.53,0,248.83,425
37.79,34.27,32.5,1,979.94,644
143.53,131.04,143.45,0,197.13,444
77.98,57.59,59.28,0,938.75,613
44.07,35.17,34.05,0,922.22,610
90.45,68.83,68.28,0,572.82,540
133.48,123.45,136.58,1,752.42,555
115.19,93.6,89.1,1,492.44,523
124.85,103.44,114.91,0,667.03,542
105.64,79.25,69.46,0,406.52,476
110.0,80.1,86.75,0,371.04,523
130.4,129.92,143.47,0,620.41,503
52.46,41.85,37.85,0,548.32,554
83.63,82.32,80.6,0,621.58,543
48.76,40.73,36.64,0,357.99,505
148.4,135.59,144.0,1,430.26,492
142.73,129.59,130.97,0,175.51,435
25.13,22.47,23.38,0,147.05,512
111.72,90.9,82.62,0,328.11,468
140.28,126.22,115.31,1,166.82,444
43.47,33.92,29.25,0,193.4,523
93.83,82.45,78.04,0,831.64,551
139.01,136.16,138.6,0,134.99,404
24.41,18.67,20.68,1,693.05,627
110.66,101.18,106.24,0,345.3,515
58.66,51.04,50.05,1,884.39,621
140.17,111.35,126.48,1,536.49,533
146.24,131.65,140.31,1,375.02,498
142.75,140.33,158.44,0,565.88,502
81.65,72.49,73.09,0,443.76,527
132.07,94.65,87.8,0,607.87,492
129.79,104.8,90.74,1,203.08,447
61.48,49.1,52.43,0,997.29,606
127.76,103.53,91.76,0,483.0,481
24.81,23.33,21.95,0,413.41,538
97.52,85.28,86.11,0,739.19,555
49.9,38.66,39.41,0,427.51,539
35.67,34.59,35.63,0,849.95,590
30.0,27.5,24.75,0,508.84,562
110.52,101.36,97.7,1,747.6,554
64.18,55.87,57.83,0,196.71,479
114.22,80.63,91.99,0,861.51,627
28.5,27.92,29.83,0,762.15,605
60.99,51.5,58.03,0,290.55,517
90.13,85.28,91.99,1,230.76,528
122.79,87.04,89.43,0,384.66,529
61.44,59.35,53.87,0,978.46,593
101.37,89.09,93.55,0,331.15,501
135.18,105.25,109.15,1,510.51,515
100.06,78.91,81.34,0,127.02,466
50.28,43.91,43.77,1,457.5,555
23.17,20.76,20.94,0,614.19,581
133.11,117.23,111.41,0,957.81,556
22.77,20.96,21.08,0,565.06,579
133.71,125.47,114.09,1,837.2,541
88.76,75.9,82.85,0,592.41,530
142.08,130.63,118.32,1,136.71,413
123.84,113.16,99.07,0,383.51,445
149.73,120.23,117.93,0,617.99,500
65.59,46.53,48.74,0,955.53,630
119.73,98.05,96.22,1,873.22,562
72.25,70.58,65.86,0,305.52,483
82.38,80.52,81.92,1,298.1,525
101.58,72.58,69.25,1,281.06,501
133.58,121.66,137.46,1,930.25,610
147.93,143.84,162.08,0,867.4,560
119.88,98.33,98.4,0,797.4,555
74.31,60.41,57.29,1,453.46,537
74.78,60.23,64.51,0,553.94,559
115.89,106.59,91.77,0,517.9,453
51.04,50.81,50.43,0,328.06,508
34.36,24.41,23.21,0,554.53,568
66.1,61.13,68.84,0,127.45,498
57.34,45.71,39.02,0,218.63,511
58.52,46.11,46.85,0,897.93,598
50.37,41.15,44.12,0,776.51,615
25.47,23.08,22.98,0,480.58,546
22.32,20.51,17.96,0,565.44,586
148.4,121.8,139.06,0,433.0,523
75.61,55.96,56.27,0,766.7,563
69.96,50.09,51.81,0,805.77,593
108.35,104.91,96.62,0,786.96,529
48.37,46.13,45.9,0,750.35,589
143.49,102.83,100.64,1,284.05,483
122.22,95.22,83.07,0,404.17,468
31.62,23.25,20.5,1,522.86,598
74.29,69.77,76.83,0,397.71,522
134.29,110.61,101.98,0,779.45,536
142.82,112.78,102.45,0,396.42,459
80.76,64.28,64.38,0,224.41,514
99.74,87.53,94.59,0,459.14,510
41.71,41.52,36.07,0,981.92,599
148.85,122.82,125.65,0,303.29,487
50.12,46.31,41.02,0,650.94,549
142.56,123.3,106.15,0,489.68,480
104.45,74.45,64.46,1,163.92,488
99.01,87.15,95.89,0,539.09,533
86.65,64.82,57.39,0,731.95,524
49.99,47.16,40.72,0,561.9,539
42.95,34.28,33.65,0,884.9,609
48.66,34.4,37.95,1,360.04,574
44.24,42.88,39.83,0,177.62,515
121.35,121.04,118.2,0,942.91,541
65.52,56.99,49.13,1,440.38,544
27.52,26.75,26.35,0,618.76,585
145.98,113.21,115.84,0,812.8,564
134.89,97.88,99.96,1,391.88,521
140.61,122.3,116.15,0,744.55,486
149.34,137.75,130.12,0,221.88,421
42.61,37.05,32.68,0,362.16,503
71.51,55.99,53.75,0,230.24,488
118.57,118.25,104.04,0,830.11,531
110.48,90.95,98.22,1,300.38,519
40.01,32.65,37.21,0,745.66,614
126.06,101.94,116.32,1,948.97,622
49.18,45.61,50.6,1,574.99,564
49.1,38.58,39.75,0,586.03,525
89.81,87.34,92.61,0,514.93,528
97.08,91.28,85.4,0,393.3,481
95.41,70.3,73.05,1,528.09,540
31.89,24.83,24.49,1,642.53,573
134.07,133.52,132.8,0,987.39,542
54.53,50.46,54.37,0,943.99,610
36.84,34.47,32.21,0,875.94,613
135.54,124.53,117.73,1,900.22,558
144.23,133.52,150.53,0,521.06,539
132.08,129.6,112.35,0,691.7,466
125.24,107.99,107.53,1,905.56,593
105.18,82.06,92.22,0,453.66,530
91.61,74.94,77.42,0,965.59,607
31.31,24.99,25.34,0,474.21,548
73.1,71.32,65.96,0,640.97,553
68.45,48.91,46.61,0,738.82,577
53.77,40.24,44.49,1,955.53,633
114.04,86.5,88.04,0,320.15,490
84.46,63.61,63.89,0,771.52,568
30.54,21.99,19.35,0,568.73,572
48.62,40.68,34.78,0,341.7,494
108.82,102.29,116.51,0,798.95,573
29.9,24.37,23.47,1,597.0,597
130.66,101.54,104.68,1,694.88,559
84.37,65.69,57.41,0,390.61,518
82.48,69.57,73.4,0,533.15,550
97.01,95.02,107.35,0,655.62,554
127.21,113.05,115.61,1,464.42,518
65.22,47.2,41.91,0,278.54,504
108.14,89.18,91.37,1,965.48,612
93.55,78.44,84.71,0,560.32,513
54.71,50.3,48.89,1,760.53,592
134.22,119.39,132.99,1,469.94,509
123.67,90.45,94.48,1,419.62,546
105.6,84.49,94.6,0,466.45,528
130.58,99.73,103.43,0,468.28,504
132.75,114.65,101.97,0,589.76,499
112.09,90.89,85.71,1,589.12,542
128.81,119.21,108.55,0,547.44,463
110.67,87.25,97.95,1,221.31,510
108.42,94.51,101.89,1,546.47,544
100.42,87.09,91.7,0,252.19,459
117.85,94.9,89.23,1,213.52,465
40.62,29.21,26.44,0,939.38,613
134.51,131.93,142.08,0,644.46,521
133.34,100.35,99.57,0,693.54,510
23.8,21.71,19.93,0,461.61,568
127.36,110.4,114.26,1,918.08,586
36.75,36.51,31.48,0,674.14,567
63.57,57.82,54.81,0,792.25,579
116.66,99.07,98.13,0,431.71,482
40.9,40.21,35.96,1,964.01,636
126.34,107.72,123.39,0,838.42,573
128.18,92.53,84.45,1,868.55,558
85.97,83.25,74.02,0,254.97,472
20.83,16.05,14.63,0,343.87,560
57.31,50.27,54.33,0,357.06,537
100.2,80.51,78.71,0,343.82,506
147.55,136.03,138.7,1,869.87,552
102.14,97.25,83.27,0,128.7,402
53.77,51.19,44.04,1,168.49,519
102.42,100.25,98.63,0,346.52,510
90.2,85.17,93.27,0,279.89,520
121.38,97.19,108.43,1,308.67,513
33.91,24.94,21.85,1,818.15,602
118.93,89.89,90.92,0,606.81,514
90.36,71.79,80.69,0,105.19,456
145.19,140.38,135.66,0,486.39,465
64.44,58.85,64.67,0,467.1,563
102.24,92.74,82.55,1,202.55,465
141.16,130.58,147.63,1,708.53,570
33.33,28.18,30.3,0,731.89,615
141.84,119.05,134.81,1,748.8,571
109.43,97.71,102.89,0,755.62,585
28.82,25.76,24.7,0,100.05,525
59.13,44.43,50.27,0,958.53,621
112.06,85.53,79.77,0,832.79,546
28.76,26.1,24.79,0,913.58,627
95.68,69.45,73.64,0,114.08,471
64.96,46.39,50.09,0,940.47,598
100.72,90.85,102.55,0,828.81,601
25.95,23.19,21.13,1,853.5,646
133.3,113.08,123.19,0,183.96,469
146.55,105.18,112.7,0,764.9,536
145.95,107.58,93.5,1,963.93,545
117.45,113.84,109.99,1,710.69,542
36.91,32.56,30.44,1,613.51,578
118.57,98.89,93.09,0,951.07,558
23.2,19.7,22.55,0,498.64,581
22.88,21.55,22.47,0,639.36,593
62.07,46.08,49.09,0,528.7,573
83.52,66.56,76.08,1,939.56,617
120.15,89.95,86.64,0,168.48,451
108.83,80.79,88.11,0,551.01,551
77.97,60.46,59.28,0,718.26,570
55.57,48.25,53.6,0,812.72,621
149.63,122.22,110.51,1,624.72,513
75.4,71.78,81.42,0,918.03,633
78.68,62.78,57.48,0,947.79,597
41.27,39.05,37.02,0,157.89,509
123.33,97.65,105.16,0,462.13,510
110.18,102.59,99.32,0,121.11,441
48.7,46.98,48.51,0,396.47,543
30.71,29.19,28.7,0,583.18,590
108.46,108.4,116.28,1,919.72,607
105.09,82.43,75.71,1,861.9,578
55.52,43.32,37.59,1,214.75,532
143.61,121.43,114.14,1,183.73,417
39.64,37.72,37.43,0,630.34,546
76.2,74.29,66.89,0,578.91,532
142.67,141.85,135.67,0,339.74,441
74.56,70.86,68.73,1,909.51,612
103.01,75.48,65.46,1,934.63,590
71.69,66.49,68.15,1,462.35,554
55.65,49.73,55.47,0,901.27,598
147.92,143.24,128.28,1,445.55,468
73.21,68.33,70.33,0,763.14,585
136.23,115.01,120.7,0,528.35,527
49.89,40.8,39.81,0,210.32,531
47.7,44.19,46.86,0,935.14,618
24.05,23.63,23.0,0,508.69,563
104.72,92.43,92.56,0,761.04,527
67.91,63.14,53.81,0,430.46,496
132.37,123.65,130.76,0,116.99,441
81.52,58.04,60.85,1,190.48,529
145.87,118.9,102.43,0,546.6,460
44.12,36.75,35.3,0,720.97,592
132.92,116.34,133.06,1,401.26,529
120.96,105.39,102.89,1,725.94,548
120.22,100.71,100.77,0,728.77,543
129.82,102.7,115.33,0,733.54,555
118.93,93.88,100.0,0,543.27,520
101.41,96.19,98.55,0,923.4,550
37.06,31.5,34.32,0,540.28,560
24.23,21.23,23.56,1,505.24,578
139.71,103.22,101.89,0,279.44,460
100.16,81.19,80.58,1,376.89,525
123.55,103.81,100.26,1,138.1,472
82.6,79.74,90.9,1,670.18,588
35.25,28.85,30.55,0,323.68,546
36.27,35.0,30.62,1,373.74,552
109.12,98.08,108.76,0,793.73,565
75.94,72.69,72.26,0,394.5,501
46.07,36.5,31.78,0,317.98,518
83.91,78.72,79.89,0,252.15,493
28.35,25.01,24.39,1,797.37,642
95.66,69.95,77.88,0,216.74,516
54.97,51.6,47.02,0,508.38,524
123.68,104.84,115.11,0,556.24,527
60.35,52.76,53.67,0,718.65,583
79.18,78.75,68.23,0,669.96,542
21.51,16.39,18.72,1,829.65,651
29.42,28.81,28.92,0,140.28,500
71.02,60.92,57.1,0,366.8,487
82.39,68.53,67.9,0,352.12,489
98.0,79.53,88.06,0,231.42,499
57.92,45.95,43.26,0,360.26,522
110.35,101.96,92.56,0,378.79,452
131.82,131.42,116.8,1,569.7,488
121.38,95.04,89.27,0,697.33,537
25.15,21.11,22.88,0,442.99,538
82.47,61.78,61.25,0,747.52,585
33.64,25.35,23.28,1,402.55,553
51.47,38.45,34.6,0,361.26,539
148.27,126.69,120.33,0,587.07,480
38.52,34.67,39.24,1,121.34,507
84.86,64.71,61.66,0,171.81,468
100.36,86.77,99.48,0,476.17,532
111.32,105.19,104.73,0,948.62,562
92.75,68.96,62.33,0,749.36,549
21.27,15.64,17.47,0,179.31,524
62.44,53.71,53.07,0,861.69,588
87.3,85.32,90.69,0,759.07,563
31.42,27.77,31.8,0,649.85,560
65.58,49.77,43.06,0,838.26,585
24.32,17.74,15.59,1,463.7,572
30.22,28.37,30.25,1,299.35,573
71.6,70.16,65.57,1,560.82,533
37.25,27.45,24.85,0,593.96,538
93.78,82.82,71.38,0,584.49,518
109.63,91.81,78.64,0,608.57,509
124.08,88.04,95.29,0,953.83,579
46.02,45.1,40.15,1,912.02,593
41.77,33.65,33.32,0,888.15,632
33.59,32.85,33.89,0,821.28,623
102.74,91.16,89.2,0,949.09,538
111.84,84.87,72.83,0,188.65,440
24.11,20.97,22.76,0,338.61,564
141.71,99.32,84.73,0,545.55,479
26.76,22.27,24.02,0,861.88,609
90.37,81.66,91.3,1,554.65,559
112.18,104.77,102.66,0,773.23,522
133.23,119.22,120.49,1,225.06,447
112.83,100.22,99.53,1,327.17,513
124.22,121.66,117.62,0,758.6,494
64.13,57.02,63.65,1,248.26,533
125.93,108.39,121.2,0,416.22,523
30.41,23.82,22.65,1,338.38,530
136.33,109.47,113.25,0,414.88,479
91.19,71.8,80.99,0,737.49,595
126.25,125.93,143.39,0,431.06,516
78.8,73.66,73.85,0,599.74,529
103.67,83.09,81.91,1,189.94,506
88.43,75.59,70.57,0,824.52,580
115.11,114.92,130.74,0,432.9,517
30.61,23.22,20.74,0,683.68,568
27.85,21.39,21.9,1,752.85,613
52.12,43.55,40.71,0,288.69,512
40.74,39.93,37.28,0,896.21,599
133.33,102.67,99.74,0,654.6,535
48.5,40.01,45.99,1,485.85,553
146.86,112.41,97.4,0,264.1,411
63.8,49.41,50.57,0,948.07,612
43.68,33.15,29.0,0,779.56,579
122.66,103.6,92.86,1,287.22,462
105.63,101.19,99.35,0,403.94,460
84.77,67.7,67.91,0,828.71,578
92.2,75.04,69.61,0,726.11,546
113.5,88.22,83.37,1,789.21,578
49.7,47.17,41.32,1,497.08,552
149.52,140.78,132.47,0,744.83,496
146.72,107.53,122.58,0,447.84,537
104.54,81.02,91.83,0,290.14,487
45.94,33.42,31.77,0,669.41,582
108.43,83.75,85.53,0,978.41,566
29.39,24.12,27.09,0,379.54,533
23.98,19.28,16.42,0,514.87,540
53.5,39.23,42.88,1,706.6,617
80.14,66.23,75.13,0,587.36,557
132.88,107.67,94.47,0,859.09,530
114.53,109.16,98.07,0,785.57,505
116.55,99.98,113.8,0,152.47,473
75.31,59.13,59.79,0,998.58,598
64.97,59.69,50.99,0,777.16,565
68.24,64.09,59.43,0,877.51,564
148.39,134.42,132.4,1,686.08,545
25.21,23.39,24.74,1,870.66,612
132.71,124.16,132.84,0,201.14,447
95.23,83.09,95.44,0,412.96,551
77.02,56.04,52.47,0,888.78,581
114.28,96.9,98.01,0,281.49,457
83.27,78.57,79.36,0,170.42,475
133.55,130.46,126.77,1,809.31,536
137.09,108.46,97.7,1,851.94,540
74.82,66.23,75.72,1,246.39,511
55.99,42.18,46.66,0,868.91,650
97.01,77.81,77.77,1,718.09,569
138.61,105.5,108.77,1,568.07,508
47.39,43.52,39.96,0,847.23,613
100.99,80.01,81.06,0,477.32,527
102.1,94.01,99.51,1,274.59,494
115.3,82.82,83.2,0,356.37,482
37.1,30.02,34.44,0,554.65,580
113.06,102.05,105.46,0,578.2,518
138.17,127.0,122.09,0,825.02,497
43.36,40.88,44.21,0,812.22,626
50.88,40.28,36.3,1,623.23,572
146.28,136.68,131.95,0,802.71,539
43.53,35.75,34.11,0,272.6,532
131.07,120.66,118.2,0,145.06,418
84.0,67.32,73.01,0,886.27,612
52.14,39.39,39.21,0,168.0,488
133.2,102.11,111.11,0,322.02,465
77.89,60.11,61.49,0,725.79,563
86.93,82.03,78.14,0,468.5,512
66.7,64.93,70.97,0,888.68,592
97.08,76.73,70.7,0,368.18,486
41.26,36.7,33.66,0,110.68,503
70.84,61.65,61.74,0,370.59,514
146.02,144.66,134.28,1,620.27,480
53.56,49.39,42.11,0,438.34,529
105.38,104.31,108.95,0,581.39,526
62.27,45.85,46.0,0,888.94,564
120.55,111.75,109.92,0,921.24,563
37.01,30.82,35.14,1,339.38,563
146.08,144.37,147.45,0,515.93,482
78.99,63.19,70.08,0,594.23,571
50.69,45.77,40.82,0,954.2,592
29.55,21.59,22.04,0,998.76,641
42.07,30.86,34.27,1,311.87,528
87.57,79.02,81.0,0,754.28,567
63.81,46.56,49.61,0,440.23,568
127.75,89.58,86.14,0,107.3,432
76.02,57.19,50.2,0,108.33,452
52.33,39.07,38.58,1,514.51,558
100.23,92.74,89.81,0,539.5,513
111.88,92.52,102.71,0,120.31,456
41.72,40.87,37.73,0,718.23,580
41.79,40.6,46.29,0,364.6,549
24.77,17.35,19.73,0,603.9,591
115.73,104.39,96.49,0,370.83,442
106.29,82.44,78.68,0,250.42,488
81.7,61.93,69.28,0,466.46,554
129.74,96.35,109.83,0,309.05,516
124.74,87.4,85.92,1,581.32,549
96.1,89.13,84.35,0,278.95,474
132.88,131.27,132.29,0,557.57,509
46.76,40.99,43.3,0,241.64,541
34.55,33.2,30.95,0,703.88,564
55.07,54.7,58.58,0,778.54,602
27.42,24.46,21.17,1,199.35,526
89.05,68.11,58.9,0,521.02,512
141.76,117.68,113.67,0,163.78,412
25.11,22.76,21.76,0,638.36,574
35.87,28.83,27.24,0,337.96,513
78.79,73.3,73.1,0,574.86,528
141.4,140.79,133.22,1,565.71,476
61.1,47.09,42.74,0,931.92,592
85.94,69.86,65.87,0,594.17,527
25.4,19.59,22.39,0,624.7,586
39.28,38.83,37.79,0,461.49,516
148.26,111.03,109.19,0,954.17,540
145.47,118.43,121.15,0,799.47,547
20.64,17.15,19.64,0,356.86,534
143.74,116.8,107.75,0,859.79,547
103.09,76.35,80.5,0,489.16,531
132.83,109.44,116.53,0,845.8,572
79.12,65.33,67.43,0,840.6,605
87.03,61.16,53.61,0,269.98,479
83.55,64.58,68.01,0,731.03,562
106.69,92.54,80.43,0,361.58,481
38.15,30.06,30.92,0,367.74,543
23.9,21.11,22.62,1,366.71,560
60.03,55.91,51.06,0,753.01,586
111.61,91.62,101.01,0,306.84,496
46.24,33.36,28.66,0,100.82,484
107.55,77.57,85.57,0,743.71,572
146.09,131.1,129.54,0,254.07,430
32.21,27.11,24.81,0,194.03,507
107.44,100.62,89.56,0,313.76,478
77.69,54.48,61.89,0,441.91,548
132.86,93.75,81.73,0,528.32,492
43.03,34.65,31.52,1,140.11,509
110.04,83.49,79.67,0,973.52,586
128.95,101.29,104.94,0,744.46,559
142.8,117.39,118.97,0,390.87,488
108.82,107.08,95.05,0,386.83,456
84.63,73.09,68.48,0,503.69,521
100.32,80.01,73.74,0,663.62,539
132.96,105.93,96.83,0,231.74,429
94.18,83.64,81.41,0,270.04,480
23.95,17.18,18.24,1,873.49,608
141.02,133.94,122.59,1,330.63,463
109.64,93.18,89.45,0,442.18,504
107.95,85.57,82.77,0,884.14,579
48.04,37.99,43.42,0,696.83,582
105.66,85.1,96.7,0,407.54,527
71.2,65.32,71.2,0,715.33,594
104.66,99.76,92.02,0,117.71,455
33.86,27.4,23.85,1,762.08,608
105.52,86.55,81.79,0,538.31,514
149.92,141.86,131.93,0,831.86,524
26.27,20.71,20.75,0,959.17,607
147.03,126.96,137.53,1,933.21,585
72.9,58.29,64.56,0,918.34,628
133.2,99.74,110.06,0,560.95,548
121.71,115.51,110.65,0,424.13,480
93.71,93.17,98.41,1,518.53,519
116.0,88.89,83.9,0,720.91,536
134.21,109.66,95.21,1,895.6,543
72.54,57.31,60.78,0,286.29,514
62.51,46.8,39.91,0,926.37,582
106.79,81.07,78.86,0,833.66,549
125.02,88.98,84.43,0,980.97,546
119.1,99.95,105.75,0,892.23,593
123.72,105.59,114.02,1,351.94,508
76.63,67.39,63.43,0,195.36,477
126.32,120.49,131.76,0,201.02,466
35.63,29.51,27.68,0,362.1,514
90.78,83.24,81.9,0,652.77,518
20.75,15.01,16.04,0,823.89,600
62.2,51.31,54.28,0,909.33,595
67.64,55.61,63.74,0,661.38,580
71.5,63.89,58.62,0,105.07,450
110.41,108.69,113.98,1,267.69,520
70.51,69.84,72.14,0,189.75,499
78.33,68.38,76.9,1,426.99,564
50.88,49.59,44.48,0,551.22,537
68.52,56.05,60.28,0,139.06,512
49.55,36.45,37.2,0,413.63,535
29.52,21.7,20.23,0,261.26,521
98.45,78.98,78.38,1,682.36,569
106.87,100.1,95.1,0,517.85,509
100.53,74.51,76.28,0,545.79,542
80.25,58.92,65.8,1,484.92,557
69.37,65.28,66.64,0,960.42,593
132.23,102.98,107.05,0,293.26,489
87.48,79.96,80.41,0,565.0,540
82.29,62.48,54.07,1,762.42,570
23.33,16.35,15.04,0,601.16,553
64.36,63.78,63.63,0,936.12,592
69.43,50.74,47.85,0,440.17,535
71.85,58.43,52.85,1,517.31,574
95.42,67.56,67.64,0,179.67,462
89.37,76.9,72.81,0,648.1,530
99.03,73.85,68.49,0,359.39,487
119.43,117.2,115.93,1,244.28,493
125.69,113.05,100.61,1,590.08,506
113.36,111.08,125.33,1,579.08,541
144.22,102.02,113.27,0,168.28,482
22.37,16.89,17.94,0,728.39,593
45.45,33.83,29.83,0,661.39,550
20.98,15.08,16.33,1,270.12,539
104.17,101.51,110.89,0,522.49,550
136.74,120.93,130.64,0,748.29,551
51.65,50.55,44.7,1,576.49,562
140.51,131.63,137.31,0,455.94,483
27.83,25.92,28.52,0,390.1,549
141.48,121.57,124.39,0,649.35,522
65.71,60.42,63.07,0,945.2,609
33.18,32.18,31.78,1,704.57,604
83.16,78.98,79.66,0,167.27,484
53.38,51.02,43.9,0,514.62,529
57.03,40.38,42.07,0,901.74,595
59.95,46.29,40.48,0,185.02,476
124.39,88.28,86.56,0,989.99,554
90.09,78.21,73.34,0,954.16,610
60.47,55.42,56.18,0,170.45,501
99.34,75.55,67.24,0,940.07,561
113.1,102.03,107.9,0,426.82,499
55.44,50.46,54.93,0,860.24,592
73.76,68.62,61.69,1,476.55,554
35.85,34.45,30.36,1,496.77,542
43.55,40.2,35.92,1,670.82,587
108.55,96.97,107.95,0,797.03,570
43.59,34.77,35.07,0,130.41,508
88.27,86.61,85.76,0,633.84,531
112.18,105.09,92.69,0,268.06,418
33.89,25.67,26.82,0,411.35,542
93.75,89.62,99.51,0,413.17,502
53.35,47.87,52.58,1,522.15,574
145.18,107.52,111.59,0,400.72,514
82.86,79.01,68.94,0,196.63,430
124.78,121.68,107.53,1,231.07,432
91.53,78.22,67.65,0,130.09,437
25.64,23.32,21.62,1,523.22,573
102.31,85.02,75.72,1,959.0,599
143.68,109.03,101.19,1,204.11,458
98.21,94.17,90.92,0,951.64,577
126.49,104.46,118.34,0,760.03,556
134.95,114.48,118.27,0,673.75,531
49.65,47.5,52.28,0,680.75,589
47.57,38.66,41.1,0,844.05,593
99.43,91.27,80.66,0,196.23,458
73.43,62.69,67.12,0,554.28,548
129.18,125.99,117.49,0,727.38,521
137.0,118.11,123.04,1,628.14,537
65.94,59.88,57.02,1,849.5,606
50.79,38.26,43.97,0,165.04,508
121.47,119.39,110.92,0,721.63,508
55.72,48.73,45.5,1,580.62,571
126.94,109.48,123.63,0,441.24,523
75.09,58.75,50.38,1,406.25,506
106.78,88.38,93.6,1,658.75,588
32.42,25.93,27.68,0,901.9,592
101.1,77.53,85.36,1,546.56,552
78.73,58.37,66.67,0,842.25,599
96.26,87.2,99.64,0,461.94,537
41.84,35.09,30.51,0,192.16,520
115.79,86.61,94.97,0,155.36,450
132.16,92.93,97.01,1,146.2,477
48.18,35.32,36.88,0,442.14,513
32.44,28.83,25.61,0,403.51,535
23.07,21.72,22.7,0,746.14,603
103.46,88.27,101.04,1,768.54,620
98.92,76.91,86.42,1,145.77,507
91.07,77.61,76.2,1,299.01,524
50.15,42.88,36.96,0,346.84,520
70.82,53.01,50.82,0,592.85,541
97.28,86.73,95.23,0,230.06,468
84.58,62.76,66.56,0,220.55,500
148.41,130.3,128.71,0,949.41,526
37.74,34.02,29.48,0,823.78,611
110.37,95.34,93.25,0,262.59,466
72.56,55.96,55.44,1,465.91,568
75.67,72.81,82.17,0,420.06,522
113.29,106.61,111.12,0,811.9,559
110.02,78.61,74.17,0,559.19,524
148.86,141.03,142.1,1,215.06,455
36.69,30.44,26.48,1,765.09,600
33.53,27.71,31.63,1,457.2,582
114.16,97.39,93.31,0,336.63,461
95.19,76.78,76.27,1,437.95,513
55.64,51.8,49.56,0,547.98,561
30.32,25.3,26.68,0,408.8,557
31.14,27.66,29.01,1,317.72,552
136.24,109.2,116.25,0,458.65,530
44.94,43.04,40.05,0,117.26,478
62.04,51.41,48.57,0,795.25,598
49.47,46.72,41.46,0,253.85,499
66.15,60.62,63.45,1,139.51,488
29.03,27.12,23.38,0,688.33,605
87.48,82.68,85.1,0,796.54,581
28.79,21.66,24.06,0,832.45,612
124.05,113.41,126.71,0,544.16,537
50.38,36.37,35.81,0,284.83,510
90.2,63.95,63.17,0,763.5,581
134.41,111.38,97.24,0,729.74,470
104.61,100.13,105.26,0,321.64,472
89.28,79.25,86.89,1,913.07,630
62.16,47.29,43.66,0,193.93,486
63.29,56.31,54.99,0,984.42,609
107.03,104.24,114.84,0,874.22,557
149.24,124.31,138.37,0,719.11,574
106.04,79.15,73.06,1,944.87,613
92.51,70.42,71.49,1,750.08,582
114.98,108.94,98.89,0,271.41,440
80.48,64.23,56.56,1,497.94,551
27.82,25.98,29.18,0,164.35,542
93.1,87.0,95.37,0,450.69,536
144.49,106.6,114.92,0,767.44,588
42.79,39.58,34.23,0,447.8,516
109.7,101.04,111.46,0,397.26,495
46.12,46.11,45.26,1,635.82,564
89.66,66.24,63.11,0,884.98,587
32.57,24.82,25.17,1,142.82,527
78.55,63.77,55.95,1,446.92,526
118.3,91.67,98.73,0,242.42,497
65.18,62.21,63.75,0,725.82,587
106.44,91.8,83.17,0,195.15,427
123.41,110.41,100.08,1,698.33,520
140.53,136.58,123.64,0,357.56,447
50.5,43.14,37.41,0,279.03,494
71.91,52.05,53.42,0,942.72,595
39.81,39.34,43.35,0,116.67,512
149.02,135.99,116.31,0,494.0,424
140.51,131.76,113.93,0,119.46,389
90.19,83.75,85.58,0,535.23,530
129.46,94.18,103.21,0,550.94,524
87.72,75.41,71.49,0,389.5,510
101.07,86.93,83.01,0,218.95,456
31.59,24.38,25.08,0,438.75,571
118.19,112.71,105.07,0,705.04,511
36.6,31.25,26.81,0,804.16,601
127.39,110.96,118.79,0,577.68,534
121.66,99.88,103.64,0,630.85,522
112.14,78.51,80.41,0,280.55,460
24.7,19.0,20.38,0,358.6,548
59.41,52.32,55.07,0,245.71,506
54.2,40.75,37.15,0,324.37,522
66.82,63.4,60.59,1,302.4,513
31.39,31.11,27.62,1,567.5,571
141.8,133.11,118.33,1,606.42,521
91.99,82.6,86.97,1,950.45,591
59.72,50.57,56.01,0,276.01,527
71.61,58.39,66.5,0,677.51,567
78.14,56.79,58.98,0,835.53,584
98.08,83.08,75.2,0,604.22,514
87.04,73.95,65.2,0,329.5,470
139.52,137.42,150.32,1,336.3,506
84.61,83.72,85.7,0,135.33,486
148.98,124.35,128.76,0,374.9,484
130.69,113.51,123.09,0,770.14,555
47.11,35.25,37.4,0,142.77,486
140.98,134.18,147.65,0,297.37,483
35.13,34.86,30.22,1,735.61,630
126.27,109.26,117.37,0,804.39,553
69.48,64.53,71.32,1,509.79,558
134.14,132.14,123.66,0,728.27,493
132.85,103.97,108.35,1,449.16,515
124.77,120.59,113.87,0,243.92,399
122.7,100.31,114.09,0,458.33,529
59.61,54.58,46.94,0,621.97,529
30.52,28.93,29.62,1,953.25,620
72.39,64.14,57.72,1,161.88,499
42.56,32.33,34.38,0,556.65,548
110.34,97.36,87.9,0,396.03,469
64.99,50.35,46.36,1,557.48,583
146.83,141.3,141.06,0,121.58,398
103.33,79.37,89.25,0,381.72,496
126.92,117.9,107.7,0,837.88,529
37.23,29.66,26.5,0,598.55,581
132.06,109.65,118.17,1,505.52,511
139.96,100.95,100.96,1,356.97,509
83.32,73.64,82.73,0,368.24,529
98.81,96.85,86.58,0,444.79,450
119.43,118.74,123.94,1,852.01,586
42.73,32.13,29.56,0,970.49,632
85.33,71.9,64.5,1,494.79,526
71.83,55.12,58.15,0,454.02,554
39.03,36.28,37.3,0,861.9,623
67.78,60.76,65.41,1,484.21,560
28.86,28.6,26.97,0,596.82,560
23.36,16.62,16.36,0,307.85,519
37.57,30.04,29.19,0,769.15,592
145.2,104.55,119.74,0,578.79,550
91.44,84.16,78.91,0,828.13,551
145.56,118.86,111.54,1,802.66,511
76.22,60.71,58.06,1,293.5,536
60.54,54.77,55.83,0,744.07,578
85.8,63.97,59.22,0,820.05,564
77.14,55.22,62.1,0,411.5,548
33.74,24.78,23.04,0,255.35,541
103.31,80.4,89.95,0,102.37,434
48.08,44.08,38.84,1,505.81,562
100.55,92.05,96.38,0,417.19,485
104.53,74.32,83.39,1,599.42,582
39.76,39.64,35.7,0,269.24,507
27.98,21.97,25.05,0,873.7,631
121.5,95.76,94.4,0,331.98,473
79.77,64.87,73.55,0,303.79,488
27.56,19.37,20.4,0,532.64,561
149.33,135.36,127.3,1,548.97,499
27.51,24.71,22.4,0,293.58,538
110.35,107.74,101.4,1,344.67,467
147.88,128.23,112.58,0,252.73,435
51.09,47.09,42.06,1,746.61,580
38.49,34.53,30.43,0,793.08,593
35.78,26.82,26.2,1,516.1,570
59.43,42.75,46.54,0,742.68,591
33.14,31.29,27.92,1,762.34,620
109.98,97.69,86.86,1,224.45,447
28.1,20.27,21.14,0,969.56,623
86.22,84.63,76.94,0,838.93,556
149.57,145.43,127.87,0,284.04,445
125.82,119.67,107.71,1,267.55,442
99.98,82.13,92.57,0,213.1,524
59.81,57.11,62.62,0,224.54,534
101.11,71.74,68.6,0,773.35,559
88.52,76.65,80.24,0,522.69,527
75.39,64.05,64.76,1,804.64,587
36.99,34.26,36.08,0,771.63,594
135.26,116.15,122.51,0,644.15,506
78.47,62.89,65.32,1,717.73,587
45.3,35.09,32.63,0,116.52,511
67.81,52.47,45.22,0,380.6,498
73.84,61.04,60.22,0,674.04,553
127.58,92.97,103.87,0,108.41,445
115.37,87.08,88.89,0,129.68,467
120.01,92.75,102.0,1,866.7,606
21.43,21.08,24.19,0,715.62,599
74.1,73.95,66.48,0,338.83,482
82.57,77.31,81.76,0,719.17,557
22.49,18.02,18.96,0,813.21,619
53.78,47.14,53.93,1,376.11,555
118.84,104.49,119.71,0,132.43,479
37.82,27.79,29.34,0,939.5,628
89.59,65.52,60.48,0,410.66,524
47.98,34.89,38.02,0,195.83,521
21.58,19.54,17.24,0,542.67,566
51.36,40.71,44.14,0,791.62,619
146.86,134.9,151.5,0,299.48,487
124.2,117.1,112.98,1,342.54,502
144.74,136.73,142.09,0,318.44,471
83.42,74.86,73.29,1,992.51,586
34.27,29.85,29.29,1,277.66,559
91.23,68.49,64.59,0,617.97,540
79.07,76.23,82.22,0,932.74,597
129.77,101.16,114.39,0,232.21,492
32.75,27.53,31.17,0,973.77,628
83.47,76.26,68.82,1,952.73,600
39.51,33.67,37.45,0,896.11,609
62.21,56.61,60.64,0,293.1,531
115.86,95.14,88.08,0,670.65,520
81.88,71.23,61.98,0,784.8,545
68.87,65.47,60.91,0,987.43,580
71.28,68.79,77.3,1,262.38,531
79.73,66.65,69.31,0,789.42,579
122.05,89.01,94.91,1,404.92,535
135.97,121.94,113.06,0,258.06,422
144.19,112.49,119.89,0,479.24,482
122.3,98.13,84.24,0,814.45,538
61.0,43.95,42.31,0,518.36,566
109.46,82.5,85.64,0,583.77,520
76.89,63.82,57.04,1,995.64,636
53.11,42.64,46.77,1,459.2,571
129.31,94.46,86.95,0,653.86,518
25.0,22.0,23.0,0,428.72,545
137.23,123.78,120.26,0,453.51,454
79.99,79.73,82.03,1,726.08,592
102.84,77.34,68.23,0,944.1,559
105.72,80.31,68.67,1,588.12,519
136.37,132.09,148.32,0,791.56,570
102.77,84.98,79.11,0,180.29,429
99.81,85.92,94.16,1,290.04,495
28.66,27.64,31.79,0,551.92,571
87.39,61.68,56.34,0,118.01,469
39.52,36.98,34.37,0,327.57,526
115.87,113.53,119.08,0,565.66,511
86.59,71.14,81.07,0,113.47,523
108.43,84.4,94.92,0,338.09,507
25.42,25.17,25.19,1,562.63,583
31.02,24.89,27.1,0,615.83,567
113.12,95.06,84.67,1,933.18,577
29.37,28.46,32.54,0,680.81,599
29.26,27.75,31.61,0,473.26,577
21.57,17.9,16.09,0,937.32,602
144.35,131.51,123.6,0,806.39,511
115.88,83.26,73.27,0,280.01,472
65.92,49.73,46.32,1,217.76,521
58.55,41.27,45.19,0,708.23,584
65.46,60.36,58.16,0,603.89,553
120.7,85.59,75.02,0,810.71,531
105.98,92.27,87.9,1,764.92,586
44.08,39.48,45.18,1,662.69,617
42.63,41.99,43.62,0,987.74,602
32.79,32.27,31.46,0,580.23,547
105.84,83.87,75.48,0,201.8,441
119.37,102.97,117.99,0,845.45,592
54.46,50.76,55.64,0,326.67,503
22.72,18.54,17.32,0,799.57,600
30.68,28.35,24.7,0,961.4,625
145.82,120.55,104.52,0,727.12,495
58.41,52.11,46.18,0,636.43,552
120.0,90.35,92.54,1,514.35,522
101.21,76.29,86.1,1,427.97,557
69.65,59.68,59.62,0,417.7,512
46.74,41.82,46.12,0,672.74,575
35.78,31.89,31.37,0,776.15,597
99.95,75.79,80.53,0,710.67,564
120.7,108.82,116.39,1,278.57,500
103.71,97.2,87.7,0,544.59,485
88.94,86.68,83.07,1,812.48,570
25.45,21.89,22.79,1,528.13,586
145.9,124.8,108.73,0,582.96,451
123.83,92.59,88.75,0,794.02,540
58.07,54.21,54.78,0,695.14,573
147.4,130.55,149.98,0,468.41,495
98.24,74.42,73.85,0,905.87,600
95.71,72.07,78.9,0,246.31,518
117.25,103.72,101.61,1,995.96,574
125.53,108.24,117.86,0,206.97,493
105.34,95.76,98.5,0,113.45,453
36.65,26.4,29.46,0,901.02,628
63.97,61.7,60.05,0,320.46,494
140.65,101.25,104.42,0,756.73,562
49.2,39.11,40.63,1,829.91,626
68.38,57.48,56.05,0,873.09,576
76.17,75.42,67.38,0,992.43,564
77.12,66.12,58.06,0,364.64,472
99.68,87.49,74.8,0,739.22,530
142.6,135.7,150.91,1,203.86,492
51.29,41.19,37.93,0,466.13,545
35.8,25.37,23.17,1,863.17,626
45.67,37.97,40.66,0,430.89,526
135.3,106.29,100.55,0,631.99,500
103.96,101.82,102.01,0,553.4,529
57.17,50.0,44.94,0,681.36,551
126.07,121.67,138.45,0,975.6,594
131.98,107.72,119.08,1,150.16,471
130.05,93.43,103.63,0,616.57,550
139.46,111.77,108.65,0,876.73,541
52.79,51.57,55.63,0,533.24,567
118.16,105.58,94.3,0,170.67,443
79.87,66.68,56.85,0,604.49,519
129.46,113.8,97.41,0,398.87,449
114.7,86.02,88.25,0,239.45,471
120.94,91.38,90.16,0,864.13,542
105.3,85.97,86.44,0,569.44,513
43.07,38.24,32.59,0,939.95,607
90.85,83.89,81.95,0,825.41,566
148.01,143.31,152.68,0,723.67,527
141.86,126.76,124.58,1,104.52,439
25.61,22.44,24.0,0,485.04,574
41.43,33.03,30.38,0,277.74,515
37.12,29.79,32.59,0,919.72,633
114.38,111.97,114.94,0,257.13,439
126.31,111.33,101.67,1,357.45,419
47.76,45.15,41.59,0,565.15,551
85.76,81.73,84.87,1,337.03,498
129.29,97.2,106.82,1,288.88,509
115.26,113.81,110.93,0,639.19,506
90.49,79.11,73.37,0,180.04,485
96.75,91.86,101.98,0,152.35,483
86.09,63.38,66.6,0,435.02,529
58.68,48.87,48.11,0,748.6,589
93.45,86.97,86.65,0,599.33,534
109.56,93.04,84.79,0,480.59,485
133.53,104.23,108.19,0,609.18,542
102.72,73.19,70.09,0,428.91,491
118.95,111.08,127.6,1,942.53,618
40.81,29.96,29.78,0,149.41,478
80.0,57.58,57.33,1,706.05,588
21.21,15.38,15.68,0,902.15,628
52.07,42.14,47.41,0,823.5,629
114.44,92.82,101.19,0,265.64,466
148.94,130.92,129.0,0,366.33,451
32.89,25.47,27.14,0,745.34,609
72.19,60.69,62.26,0,175.84,492
124.01,98.81,98.58,1,830.68,578
46.52,40.54,36.8,0,747.02,563
92.16,71.94,71.16,0,756.65,553
115.3,86.78,80.16,1,190.22,495
100.08,95.68,107.59,1,745.98,586
44.44,33.34,31.69,0,711.84,586
66.2,55.47,63.0,0,847.83,600
121.89,91.01,91.91,1,137.44,461
92.05,80.14,83.3,0,120.8,482
20.68,18.33,18.56,0,435.71,560
118.93,86.28,76.69,0,233.91,492
24.59,22.74,21.89,1,602.55,578
116.95,87.33,76.83,0,925.61,571
46.32,39.6,41.06,1,452.33,543
144.55,122.26,120.31,0,860.46,542
67.83,61.56,66.69,1,100.22,516
62.5,51.76,47.42,0,251.66,463
39.36,35.52,31.94,0,127.38,485
59.73,59.02,57.37,1,395.33,527
133.96,123.03,138.78,0,917.37,569
149.52,149.24,158.66,0,187.26,446
67.88,47.96,46.79,0,645.77,578
78.32,55.63,55.92,0,506.35,536
113.87,100.37,87.85,0,944.62,552
135.21,105.66,121.02,0,210.27,487
97.1,87.02,91.37,0,290.83,491
70.9,56.62,52.98,0,126.59,456
73.64,55.85,57.28,0,490.54,554
110.43,79.07,69.8,0,350.05,485
20.42,17.97,20.48,1,882.92,650
100.55,76.92,69.41,0,644.45,517
66.21,60.93,63.64,0,652.68,553
123.25,86.63,80.01,1,578.72,532
32.09,31.84,33.92,0,182.67,486
96.47,79.0,85.56,1,500.52,526
82.53,66.2,69.64,1,999.55,621
103.5,82.14,84.96,1,851.71,603
28.43,27.4,30.63,0,904.11,612
95.4,68.54,59.87,1,840.9,567
92.99,87.94,83.48,1,192.74,467
92.89,75.53,69.83,0,304.7,476
98.45,91.88,105.33,0,102.81,470
107.94,97.99,94.74,0,373.16,514
124.65,104.21,111.49,0,197.75,486
55.08,48.18,50.85,0,525.51,565
127.26,121.14,110.68,0,709.41,520
84.77,80.43,74.13,0,887.05,550
30.02,26.25,24.53,0,774.3,576
27.61,21.34,20.77,0,944.73,609
63.45,46.36,42.66,0,148.51,503
122.04,118.96,101.81,1,110.96,414
112.0,98.79,110.03,0,695.2,537
122.52,118.84,135.43,0,360.42,494
87.24,86.81,82.68,0,328.15,477
77.23,61.9,58.9,0,397.8,515
39.17,32.09,27.34,1,342.82,544
62.67,59.6,62.82,1,560.29,556
76.42,71.06,78.0,0,496.13,547
31.52,31.29,27.98,1,561.19,567
48.68,36.49,32.76,0,705.44,571
97.77,69.18,75.2,0,448.42,540
115.64,110.94,114.81,0,326.18,469
149.79,139.38,120.35,1,249.58,417
141.3,104.49,108.33,0,414.53,505
103.53,74.76,70.47,0,767.63,542
74.76,65.35,62.78,1,781.03,581
102.7,101.14,109.33,0,700.21,557
122.13,120.69,131.95,0,310.63,513
35.38,29.29,28.42,1,629.28,601
73.29,64.65,73.32,0,613.62,569
129.17,128.06,124.47,0,535.84,492
69.9,57.67,62.37,0,594.98,541
94.34,94.02,93.57,0,542.61,516
96.41,73.64,82.42,0,608.91,555
43.98,39.94,44.82,0,743.96,597
67.09,66.28,58.08,0,198.67,470
63.49,52.28,59.13,0,774.66,598
23.41,20.61,22.63,1,222.3,538
23.14,16.38,17.82,1,159.97,536
128.12,107.2,97.58,0,978.47,536
55.5,50.92,55.58,0,961.29,612
87.35,68.76,75.98,1,154.39,529
58.83,54.04,50.62,0,498.93,536
142.29,103.69,117.76,0,267.62,493
53.71,47.67,41.23,1,536.81,584
75.86,63.34,56.69,1,847.16,570
133.45,131.43,132.91,1,955.55,557
129.45,112.9,115.47,1,670.83,572
44.19,33.16,34.6,0,418.52,543
124.34,94.29,80.63,0,642.99,502
79.56,74.21,84.46,0,380.8,506
82.79,77.17,66.63,0,918.84,572
37.35,28.19,25.17,0,883.36,616
30.48,21.97,18.77,1,602.41,573
114.63,111.35,113.59,1,392.32,503
84.54,73.13,82.61,0,364.05,515
76.79,69.02,72.45,1,130.08,501
114.84,84.84,93.05,1,834.24,584
119.52,116.52,99.51,0,505.34,482
40.66,38.08,38.56,0,392.62,547
99.33,76.91,75.97,0,524.0,518
37.6,37.02,37.01,0,836.86,596
117.68,100.29,87.42,0,212.15,436
105.4,91.42,96.48,0,871.89,564
144.36,129.88,130.0,0,907.76,539
28.96,25.54,27.57,0,952.04,625
27.42,23.06,22.96,1,457.74,597
56.68,53.94,48.27,0,295.43,511
